<?xml version="1.0" encoding="UTF-8"?>
<uptime xmlns:xsi="http://www.w3.org/2001/XMLSchema-instance" version="7.3" target_grouping="other">
	<class>ZFS Pool Performance Monitor</class>
	<exec>com.uptimesoftware.uptime.erdc.MonitorCustomScriptRunner</exec>
	<erdc_version>2.0</erdc_version>
	<category>Operating System Monitors</category>
	<category_related>Storage Monitors</category_related>
	<grid_info>
		<supported_versions>7.3,7.4,7.5,7.6,7.7</supported_versions>
		<supported_platforms>windows, linux</supported_platforms>
		<upgrade_in_place>true</upgrade_in_place>
		<requires_agent_scripts>true</requires_agent_scripts>
	</grid_info>
	<elements>
		<element name="process_windows" parameter_type="input" data_type="string" gui_basic="1" range_type="0" hidden="true">
			<control_options> size:40 </control_options>
			<default_value>plugins/scripts/monitor-zfs-pool-performance/monitor-zfs-pool-performance.bat</default_value>
			<short_description>Script Name</short_description>
			<long_description>Name of the script/binary/process to be executed by up.time </long_description>
			<validation_rule><alphanumeric/></validation_rule>
			<error_message><alphanumeric>required field</alphanumeric></error_message>
			<gui_type><string/></gui_type>
		</element>
		<element name="process_linux" parameter_type="input" data_type="string" gui_basic="1" range_type="0" hidden="true">
			<control_options> size:40 </control_options>
			<default_value>plugins/scripts/monitor-zfs-pool-performance/monitor-zfs-pool-performance.sh</default_value>
			<short_description>Script Name</short_description>
			<long_description>Name of the script/binary/process to be executed by up.time </long_description>
			<validation_rule><alphanumeric/></validation_rule>
			<error_message><alphanumeric>required field</alphanumeric></error_message>
			<gui_type><string/></gui_type>
		</element>
		<element name='UPTIME_HOSTNAME' parameter_type='input' data_type='string' gui_basic='1' range_type='0' units=''>
			<control_options>size:8</control_options>
			<default_value></default_value>
			<validation_rule/><error_message/>
			<short_description>Hostname</short_description>
			<long_description>Hostname of Solaris server</long_description>
			<gui_type><string/></gui_type>
		</element>
		<element name='UPTIME_PORT' parameter_type='input' data_type='string' gui_basic='1' range_type='0' units=''>
			<control_options>size:8</control_options>
			<default_value>9998</default_value>
			<validation_rule/><error_message/>
			<short_description>Agent Port</short_description>
			<long_description>Port number of uptime agent</long_description>
			<gui_type><string/></gui_type>
		</element>
		<element name='UPTIME_ZPOOL_PASSWORD' parameter_type='input' data_type='string' gui_basic='1' range_type='0' units=''>
			<control_options>size:8</control_options>
			<default_value></default_value>
			<validation_rule/><error_message/>
			<short_description>Agent Password</short_description>
			<long_description>Password of uptime agent set for this script</long_description>
			<gui_type><password/></gui_type>
		</element>
		<element name='UPTIME_ZPOOL_SCRIPT' parameter_type='input' data_type='string' gui_basic='1' range_type='0' units=''>
			<control_options>size:8</control_options>
			<default_value>/opt/uptime-agent/scripts/ZFS_Pool_Performance_Monitor.sh</default_value>
			<validation_rule/><error_message/>
			<short_description>Agent Script</short_description>
			<long_description>Name and location of zpool script on Agent</long_description>
			<gui_type><string/></gui_type>
		</element>
		<element name='capacity_alloc' parameter_type='output' data_type='ranged' gui_basic='' range_type='0' units=''>
			<control_options>size:8</control_options>
			<default_value></default_value>
			<short_description>Capacity Allocated</short_description>
			<long_description>Allocated</long_description>
			<validation_rule/>
			<error_message/>
			<gui_type><decimal/></gui_type>
		</element>
		<element name='capacity_free' parameter_type='output' data_type='ranged' gui_basic='' range_type='0' units=''>
			<control_options>size:8</control_options>
			<default_value></default_value>
			<short_description>Capacity Free</short_description>
			<long_description>Free</long_description>
			<validation_rule/>
			<error_message/>
			<gui_type><decimal/></gui_type>
		</element>
		<element name='operations_read' parameter_type='output' data_type='ranged' gui_basic='' range_type='0' units=''>
			<control_options>size:8</control_options>
			<default_value></default_value>
			<short_description>Operations Read</short_description>
			<long_description>Reads</long_description>
			<validation_rule/>
			<error_message/>
			<gui_type><decimal/></gui_type>
		</element>
		<element name='operations_write' parameter_type='output' data_type='ranged' gui_basic='' range_type='0' units=''>
			<control_options>size:8</control_options>
			<default_value></default_value>
			<short_description>Operations Write</short_description>
			<long_description>Writes</long_description>
			<validation_rule/>
			<error_message/>
			<gui_type><decimal/></gui_type>
		</element>
		<element name='bandwidth_read' parameter_type='output' data_type='ranged' gui_basic='' range_type='0' units=''>
			<control_options>size:8</control_options>
			<default_value></default_value>
			<short_description>Read Bandwidth</short_description>
			<long_description>Bandwidth Read</long_description>
			<validation_rule/>
			<error_message/>
			<gui_type><decimal/></gui_type>
		</element>
		<element name='bandwidth_write' parameter_type='output' data_type='ranged' gui_basic='' range_type='0' units=''>
			<control_options>size:8</control_options>
			<default_value></default_value>
			<short_description>Write Bandwidth</short_description>
			<long_description>Bandwidth Write</long_description>
			<validation_rule/>
			<error_message/>
			<gui_type><decimal/></gui_type>
		</element>
		<element name="timer" parameter_type="output" data_type="integer" gui_basic="0" range_type="0" units="ms">
			<control_options>size:8</control_options>
			<default_value/>
			<short_description>Response time</short_description>
			<long_description>Response time in ms</long_description>
			<validation_rule/>
			<error_message/>
			<gui_type><integer/></gui_type>
		</element>
	</elements>
	<help>This plugin connects to a Solaris client and reports on ZFS pool capacity, read/write operations and bandwidth.</help>
</uptime>




